relative_support,model_running_time
4,1613286914.3722808
7,1613286914.3722687
10,1613286914.3722668
13,1613286914.372267
16,1613286914.372267
20,1613286914.3722668
