relative_support,model_running_time
0.3,1613286908.287719
0.5,1613286908.287696
1.0,1613286908.287696
1.5,1613286908.2876952
2.0,1613286908.2876952
2.5,1613286908.287705
3.0,1613286908.2876952
